file,class,fanin,fanout,wmc
/Users/va/SE takehome 2/Reservation-System-Starter/metrics tools/../src/main/java/Runner.java,Runner,0,6,1
/Users/va/SE takehome 2/Reservation-System-Starter/metrics tools/../src/main/java/flight/reservation/flight/ScheduledFlight.java,flight.reservation.flight.ScheduledFlight,4,7,17
/Users/va/SE takehome 2/Reservation-System-Starter/metrics tools/../src/main/java/flight/reservation/Customer.java,flight.reservation.Customer,3,5,12
/Users/va/SE takehome 2/Reservation-System-Starter/metrics tools/../src/main/java/flight/reservation/plane/Helicopter.java,flight.reservation.plane.Helicopter,3,0,5
/Users/va/SE takehome 2/Reservation-System-Starter/metrics tools/../src/main/java/flight/reservation/plane/PassengerDrone.java,flight.reservation.plane.PassengerDrone,3,0,2
/Users/va/SE takehome 2/Reservation-System-Starter/metrics tools/../src/main/java/flight/reservation/Airport.java,flight.reservation.Airport,3,1,8
/Users/va/SE takehome 2/Reservation-System-Starter/metrics tools/../src/main/java/flight/reservation/flight/Schedule.java,flight.reservation.flight.Schedule,1,2,13
/Users/va/SE takehome 2/Reservation-System-Starter/metrics tools/../src/main/java/flight/reservation/plane/PassengerPlane.java,flight.reservation.plane.PassengerPlane,3,0,5
/Users/va/SE takehome 2/Reservation-System-Starter/metrics tools/../src/main/java/flight/reservation/payment/CreditCard.java,flight.reservation.payment.CreditCard,2,1,7
/Users/va/SE takehome 2/Reservation-System-Starter/metrics tools/../src/main/java/flight/reservation/flight/Flight.java,flight.reservation.flight.Flight,5,5,13
/Users/va/SE takehome 2/Reservation-System-Starter/metrics tools/../src/main/java/flight/reservation/order/FlightOrder.java,flight.reservation.order.FlightOrder,2,5,24
/Users/va/SE takehome 2/Reservation-System-Starter/metrics tools/../src/main/java/flight/reservation/Passenger.java,flight.reservation.Passenger,3,0,2
/Users/va/SE takehome 2/Reservation-System-Starter/metrics tools/../src/main/java/flight/reservation/payment/Paypal.java,flight.reservation.payment.Paypal,0,0,1
/Users/va/SE takehome 2/Reservation-System-Starter/metrics tools/../src/main/java/flight/reservation/order/Order.java,flight.reservation.order.Order,2,2,10
